[
    {
        "tags": [
            "change",
            "deep-thoughts",
            "thinking",
            "world"
        ],
        "author": "Albert Einstein",
        "text": "“The world as we have created it is a process of our thinking. It cannot be changed without changing our thinking.”"
    },
    {
        "tags": [
            "abilities",
            "choices"
        ],
        "author": "J.K. Rowling",
        "text": "“It is our choices, Harry, that show what we truly are, far more than our abilities.”"
    },
    {
        "tags": [
            "inspirational",
            "life",
            "live",
            "miracle",
            "miracles"
        ],
        "author": "Albert Einstein",
        "text": "“There are only two ways to live your life. One is as though nothing is a miracle. The other is as though everything is a miracle.”"
    },
    {
        "tags": [
            "aliteracy",
            "books",
            "classic",
            "humor"
        ],
        "author": "Jane Austen",
        "text": "“The person, be it gentleman or lady, who has not pleasure in a good novel, must be intolerably stupid.”"
    },
    {
        "tags": [
            "be-yourself",
            "inspirational"
        ],
        "author": "Marilyn Monroe",
        "text": "“Imperfection is beauty, madness is genius and it's better to be absolutely ridiculous than absolutely boring.”"
    },
    {
        "tags": [
            "adulthood",
            "success",
            "value"
        ],
        "author": "Albert Einstein",
        "text": "“Try not to become a man of success. Rather become a man of value.”"
    },
    {
        "tags": [
            "life",
            "love"
        ],
        "author": "André Gide",
        "text": "“It is better to be hated for what you are than to be loved for what you are not.”"
    },
    {
        "tags": [
            "edison",
            "failure",
            "inspirational",
            "paraphrased"
        ],
        "author": "Thomas A. Edison",
        "text": "“I have not failed. I've just found 10,000 ways that won't work.”"
    },
    {
        "tags": [
            "misattributed-eleanor-roosevelt"
        ],
        "author": "Eleanor Roosevelt",
        "text": "“A woman is like a tea bag; you never know how strong it is until it's in hot water.”"
    },
    {
        "tags": [
            "humor",
            "obvious",
            "simile"
        ],
        "author": "Steve Martin",
        "text": "“A day without sunshine is like, you know, night.”"
    }
]